{"cameraMode":{"drawMode":0,"name":"Shaded","section":"Shading Mode"},"sceneLighting":true,"audioPlay":false,"sceneViewState":{"m_AlwaysRefresh":false,"showFog":true,"showSkybox":true,"showFlares":true,"showImageEffects":true,"showParticleSystems":true,"showVisualEffectGraphs":true,"m_FxEnabled":true},"in2DMode":false,"pivot":{"x":3.435669422149658,"y":-6.8287200927734379,"z":2.914669990539551},"rotation":{"x":-0.19698931276798249,"y":0.01529135461896658,"z":-0.003072062972933054,"w":-0.9802848696708679},"size":15.128974914550782,"orthographic":false}